{
  "controller/App-dbg.controller.js": 1706825259047,
  "controller/App.controller.js": 1706825259047,
  "model/models.js": 1706825259047,
  "controller/View1.controller.js": 1707770141458,
  "manifest.json": 1707770927456,
  "Component.js": 1706825259043,
  "Component-preload.js": 1707770927618,
  "Component-dbg.js": 1706825259043,
  "controller/View1-dbg.controller.js": 1707770141458,
  "i18n/i18n.properties": 1706825259043,
  "model/models-dbg.js": 1706825259047,
  "view/View1.view.xml": 1707424958466,
  "view/App.view.xml": 1706825259051,
  "css/style.css": 1706825259051,
  "index.html": 1706825259043
}